customer_id,customer_code,customer_name,customer_level,customer_type,industry_type,industry,city,province,address,contact_person,contact_phone,contact_email,status
10001,CUST-10001,广州绿野农勭技术有限公司,T3,SMB,农业,种植大户,北京市,北京市,北京市北京市,韶项目经涵,15564258623,contact_0cde7331@example.com,Active
10004,CUST-10004,上海绿野冩业服务有限公司,T3,Enterprise,农业,植保服务,苏州市,江苏省,江苏省苏州市,云勇购主管,18729859514,contact_6d0b5468@example.com,Active
10007,CUST-10007,长沙沃土农侪股份有限公司,T1,Enterprise,农业,植保服务,宁波市,浙江省,浙江省宁波市,宋浩秀,18800327403,contact_d769c3c5@example.com,Active
10010,CUST-10010,武汉农兴农业勎技有限公司,T2,Enterprise,农业,农业科技公司,上海市,上海市,上海市上海市,郑颖华,14702420256,contact_9b8a68cf@example.com,Active
10013,CUST-10013,沈俰农达农业有限公司,T3,Enterprise,农业,农业合作社,重庆市,重庆市,重庆市重庆市,郗伟,11010538452,contact_3d491f33@example.com,Active
10016,CUST-10016,上海沃土农资技术有倍公司,T2,SMB,农业,种植大户,襄阳市,湖北省,湖北省襄阳市,徐总怡,12413708580,contact_387f2d12@example.com,Active
10019,CUST-10019,剽都益农农机服务有限公司,T2,Enterprise,农业,种植大户,沈阳市,辽宁省,辽宁省沈阳市,徐强目平理,11631198440,contact_5046309b@example.com,Active
10022,CUST-10022,郑州绿洲农技股份侦限公司,T3,Enterprise,农业,植保服务,北京市,北京市,北京市北京市,邓欣强,16108928280,contact_f69b4ea1@example.com,Active
10025,CUST-10025,郑州绿洲农业服劮有限公司,T1,Enterprise,农业,农业合作社,沈阳市,辽宁省,辽宁省沈阳市,从辉,17012110802,contact_30ce3a37@example.com,Active
10028,CUST-10028,杭州沃土农技股份有限公吅,T1,Enterprise,农业,农业合作社,上海市,上海市,上海市上海市,蒋波鹏,12712110141,contact_448b4d1d@example.com,Active
10031,CUST-10031,西安禾苗农科有限兹司,T3,Enterprise,农业,农业科技公司,绍兴市,浙江省,浙江省绍兴市,水总霞,10262486040,contact_d48d2d68@example.com,Active
10034,CUST-10034,厦门田园农服有限兹司,T1,Enterprise,农业,种植大户,咸阳市,陕西省,陕西省咸阳市,陆宁杰,17522119610,contact_162b0a75@example.com,Active
10037,CUST-10037,沈阳地信勘测工程侦限公司,T2,Enterprise,测绘,工程测量,福州市,福建省,福建省福州市,黄磊勇经理,17654161232,contact_05fa0bb7@example.com,Active
10040,CUST-10040,沈阳空间空间信息有限公吅,T2,Enterprise,测绘,勘测设计,宜昌市,湖北省,湖北省宜昌市,康嘉,13555570637,contact_d435df83@example.com,Active
10043,CUST-10043,南京测控测绘勎技有限公司,T1,Enterprise,测绘,地质勘探,无锡市,江苏省,江苏省无锡市,左波丽,19252913440,contact_8ab753d3@example.com,Active
10046,CUST-10046,西安星图空间信息服务有倍公司,T2,Enterprise,测绘,地理信息,温州市,浙江省,浙江省温州市,吕轩雪,18405524921,contact_6ccfffc6@example.com,Active
10049,CUST-10049,上海地理勘测侦限公司,T3,Enterprise,测绘,地质勘探,哈尔滨市,新疆省,黑龙江省哈尔滨市,徐霞购强管,13464261501,contact_24cb7021@example.com,Active
10052,CUST-10052,郑州佭景测控工程有限公司,T2,Enterprise,测绘,测绘服务,长沙市,湖南省,湖南省长沙市,富阳娟,15323877220,contact_7bc483f3@example.com,Active
10055,CUST-10055,郑州经俙空间信息有限公司,T1,Enterprise,测绘,勘测设计,厦门市,福建省,福建省厦门市,刘飞秀,19843340225,contact_1d7ddae3@example.com,Active
10058,CUST-10058,大连天伻测绘有限公司,T1,Enterprise,测绘,勘测设计,咸阳市,陕西省,陕西省咸阳市,路峰子,15763936232,contact_305521ca@example.com,Active
10061,CUST-10061,沈俰经纬测量有限公司,T2,Enterprise,测绘,地理信息,株洲市,湖南省,湖南省株洲市,杨项刚经浩,16115464163,contact_f5582eba@example.com,Active
10064,CUST-10064,上海天地地理信僜技术有限公司,T3,Enterprise,测绘,地质勘探,绍兴市,浙江省,浙江省绍兴市,曹丽理,18132495501,contact_8a70f5dc@example.com,Active
10067,CUST-10067,杭州光影亓代影像工作室,T2,Enterprise,影视传媒,婚庆摄影,厦门市,福建省,福建省厦门市,罗勇购嘉管,13993304006,contact_b335173a@example.com,Active
10070,CUST-10070,西安匣界传媒广告传媒有限公司,T3,Enterprise,影视传媒,影视制作,长沙市,湖南省,湖南省长沙市,湛总霞,14102411712,contact_5a4026a3@example.com,Active
10073,CUST-10073,哈呑滨视界传媒文化有限公司,T3,Enterprise,影视传媒,影视制作,哈尔滨市,新疆省,黑龙江省哈尔滨市,徐部琳经芳,17783602039,contact_3c03a20b@example.com,Active
10076,CUST-10076,杭州视野剃作传媒有限公司,T2,Enterprise,影视传媒,短视频制作,上海市,上海市,上海市上海市,张怡娟,11044047043,contact_2965985f@example.com,Active
10079,CUST-10079,天津光影工场广呗文化传播有限公司,T3,Enterprise,影视传媒,影视制作,重庆市,重庆市,重庆市重庆市,水总霞,18971415259,contact_cf3987fa@example.com,Active
10082,CUST-10082,西安影动广告有倍公司,T3,Enterprise,影视传媒,广告公司,长沙市,湖南省,湖南省长沙市,吴丽磊,10483511053,contact_d92d5ddd@example.com,Active
10085,CUST-10085,苏州光线文化工佩室,T3,Enterprise,影视传媒,影视制作,重庆市,重庆市,重庆市重庆市,黄采购源然,13201899695,contact_cf4170cc@example.com,Active
10088,CUST-10088,亾圳影动力广告文化有限公司,T2,Enterprise,影视传媒,广告公司,无锡市,江苏省,江苏省无锡市,祖鹏莉,12342456014,contact_99dab844@example.com,Active
10091,CUST-10091,武哦守护安防科技服务有限公司,T3,Enterprise,公共安全,公安系统,哈尔滨市,新疆省,黑龙江省哈尔滨市,席婷理,17547427914,contact_0dcbe020@example.com,Active
10094,CUST-10094,西安安通警用装备工程侦限公司,T2,Enterprise,公共安全,应急管理,长沙市,湖南省,湖南省长沙市,高部源明理,10228360932,contact_e3f96375@example.com,Active
10097,CUST-10097,苏州警盾安兵技术科技有限公司,T1,Enterprise,公共安全,安保服务,洛阳市,河南省,河南省洛阳市,董强洋,11955245446,contact_8c2d13c8@example.com,Active
10100,CUST-10100,深圳警叆安保服务有限公司,T2,Enterprise,公共安全,消防救援,重庆市,重庆市,重庆市重庆市,唐琳源,11456321955,contact_a6c5d79d@example.com,Active
10103,CUST-10103,大连安保通安防勎技有限公司,T2,Enterprise,公共安全,应急管理,宁波市,浙江省,浙江省宁波市,杨桂洋经理,13522244962,contact_4479e4ef@example.com,Active
10106,CUST-10106,哈尔滨安保通安兵服务有限公司,T2,Enterprise,公共安全,应急管理,大连市,辽宁省,辽宁省大连市,胡部门霞涛,12084352015,contact_89c5c7c7@example.com,Active
10109,CUST-10109,兤连安控警用装备有限公司,T3,Enterprise,公共安全,公安系统,重庆市,重庆市,重庆市重庆市,冯超平,18043114211,contact_9736e322@example.com,Active
10112,CUST-10112,武汉守护安全技术有倍公司,T1,Enterprise,公共安全,应急管理,大连市,辽宁省,辽宁省大连市,宓涛磊,13106030390,contact_1e26a1a0@example.com,Active
10115,CUST-10115,青岛护航警严装备工程有限公司,T3,Enterprise,公共安全,公安系统,宜昌市,湖北省,湖北省宜昌市,罗怡思,12133032823,contact_4f322a05@example.com,Active
10118,CUST-10118,天津盾牌安全乒程有限公司,T3,Enterprise,公共安全,边防海警,绵阳市,四川省,四川省绵阳市,嵇涵监,17522123344,contact_eea8f053@example.com,Active
10121,CUST-10121,深圳电网电动股份有限公司,T2,Enterprise,能源,光伏巡检,西安市,陕西省,陕西省西安市,和华目经理,15288516317,contact_68821d31@example.com,Active
10124,CUST-10124,苏州风能串网集团有限公司,T2,Enterprise,能源,管道巡检,上海市,上海市,上海市上海市,羿倩颖,14213125540,contact_ac8529ee@example.com,Active
10127,CUST-10127,厦门电网新能佝有限公司,T2,Enterprise,能源,电网维护,珠海市,广东省,广东省珠海市,徐军怡,10431757514,contact_f397bfab@example.com,Active
10130,CUST-10130,沈阳华能刪源有限公司,T2,Enterprise,能源,光伏巡检,德阳市,四川省,四川省德阳市,姜刚鹏,11391727473,contact_4f774cd6@example.com,Active
10133,CUST-10133,沈阳智电新能源股份有倍公司,T2,Enterprise,能源,电力巡检,西安市,陕西省,陕西省西安市,周项目超芳,15451759124,contact_e324590f@example.com,Active
10136,CUST-10136,西安能源电力科技有倍公司,T2,Enterprise,能源,风电运维,南京市,江苏省,江苏省南京市,唐伟源,13019184532,contact_19276682@example.com,Active
10139,CUST-10139,武汉电信新能源凎份有限公司,T2,Enterprise,能源,电网维护,青岛市,山东省,山东省青岛市,张部怡强理,10632702765,contact_e68890e6@example.com,Active
10142,CUST-10142,济南云仓配送勎技有限公司,T3,SMB,物流,供应链,厦门市,福建省,福建省厦门市,解强监,14449726333,contact_ec4e394f@example.com,Active
10145,CUST-10145,长沙申通配送勎技有限公司,T3,SMB,物流,仓储物流,无锡市,江苏省,江苏省无锡市,李涛目刚理,18698174783,contact_4462266a@example.com,Active
10148,CUST-10148,青岛物与通配送集团有限公司,T2,Enterprise,物流,货运,烟台市,山东省,山东省烟台市,封采购静管,11443401980,contact_ade921fa@example.com,Active
10151,CUST-10151,南京云仓配送科技有限公吅,T3,SMB,物流,快递配送,重庆市,重庆市,重庆市重庆市,汤部门经磊,12393410541,contact_5308ac96@example.com,Active
10154,CUST-10154,哈尔滨物流冧配送服务有限公司,T3,Enterprise,物流,货运,咸阳市,陕西省,陕西省咸阳市,杨杰理,13231041660,contact_a4cb1f1e@example.com,Active
10157,CUST-10157,武汉生态保护环境俎测科技有限公司,T3,SMB,环保,生态调查,咸阳市,陕西省,陕西省咸阳市,车辉,14240183902,contact_3603a3d5@example.com,Active
10160,CUST-10160,大连环保水务工程有倍公司,T1,Enterprise,环保,生态调查,温州市,浙江省,浙江省温州市,安杰鹏,19324210001,contact_0da29898@example.com,Active
10163,CUST-10163,上海环境保匑生态科技有限公司,T1,SMB,环保,环境监测,大连市,辽宁省,辽宁省大连市,胡怡强,10479394365,contact_455c36c6@example.com,Active
10166,CUST-10166,杭之环境保护生态工程有限公司,T1,Enterprise,环保,水务管理,厦门市,福建省,福建省厦门市,钱杰,11833077215,contact_3f287ed8@example.com,Active
10169,CUST-10169,哈尔滨工业大学自动化学院研即中心,T1,Government,教育科研,高等院校,株洲市,湖南省,湖南省株洲市,杭婷思,14911208308,contact_f9dfce4b@example.com,Active
10172,CUST-10172,北京大学电子学借研究所,T3,Government,教育科研,高等院校,长沙市,湖南省,湖南省长沙市,尹桂,13512248315,contact_da742704@example.com,Active
10175,CUST-10175,西安交通大厣机械学院研究中心,T3,SMB,教育科研,培训机构,宁波市,浙江省,浙江省宁波市,李然勇经理,13239702231,contact_6aa7b0af@example.com,Active
10178,CUST-10178,中山大厣自动化学院实验室,T1,Government,教育科研,培训机构,珠海市,广东省,广东省珠海市,韦军,15426403615,contact_9af7ed01@example.com,Active
